"id","nome","url_feed","descricao","ativo","criado_em","atualizado_em"
113,Feed Google News - PORTAL REVISTA FÓRUM,https://news.google.com/rss/search?q=site:https://revistaforum.com.br/+when:1d&hl=pt-BR&gl=BR&ceid=BR:pt-419,Feed RSS do Google News para o portal PORTAL REVISTA FÓRUM,1,"2025-03-23 20:48:14","2025-03-23 21:30:59"
114,Feed Google News - PORTAL 247,https://news.google.com/rss/search?q=site:https://www.brasil247.com/+when:1d&hl=pt-BR&gl=BR&ceid=BR:pt-419,Feed RSS do Google News para o portal PORTAL 247,1,"2025-03-23 20:48:16","2025-03-23 21:30:59"
115,Feed Google News - PORTAL BARÃO DE ITARARÉ,https://news.google.com/rss/search?q=site:https://baraodeitarare.org.br/+when:1d&hl=pt-BR&gl=BR&ceid=BR:pt-419,Feed RSS do Google News para o portal PORTAL BARÃO DE ITARARÉ,1,"2025-03-23 20:48:17","2025-03-23 21:30:59"
116,Feed Google News - PORTAL WEB TV JFDIARIO,https://news.google.com/rss/search?q=site:https://webtvjfdiario.com/+when:1d&hl=pt-BR&gl=BR&ceid=BR:pt-419,Feed RSS do Google News para o portal PORTAL WEB TV JFDIARIO,1,"2025-03-23 20:48:19","2025-03-23 21:30:59"
117,Feed Google News - PORTAL ACESSE PIAUÍ,https://news.google.com/rss/search?q=site:https://www.acessepiaui.com.br/+when:1d&hl=pt-BR&gl=BR&ceid=BR:pt-419,Feed RSS do Google News para o portal PORTAL ACESSE PIAUÍ,1,"2025-03-23 20:48:20","2025-03-23 21:30:59"
118,Feed Google News - PORTAL DO ÁGUIA,https://news.google.com/rss/search?q=site:https://www.portaldoaguia.com.br/+when:1d&hl=pt-BR&gl=BR&ceid=BR:pt-419,Feed RSS do Google News para o portal PORTAL DO ÁGUIA,1,"2025-03-23 20:48:22","2025-03-23 21:30:59"
119,Feed Google News - PORTAL DUSCOCAIS,https://news.google.com/rss/search?q=site:https://duscocais.com.br/+when:1d&hl=pt-BR&gl=BR&ceid=BR:pt-419,Feed RSS do Google News para o portal PORTAL DUSCOCAIS,1,"2025-03-23 20:48:23","2025-03-23 21:30:59"
120,Feed Google News - PORTAL NORTE PIAUÍ,https://news.google.com/rss/search?q=site:https://nortepiaui.com.br/+when:1d&hl=pt-BR&gl=BR&ceid=BR:pt-419,Feed RSS do Google News para o portal PORTAL NORTE PIAUÍ,1,"2025-03-23 20:48:25","2025-03-23 21:30:59"
121,Feed Google News - PORTAL O POVO,https://news.google.com/rss/search?q=site:https://www.opovo.com.br/+when:1d&hl=pt-BR&gl=BR&ceid=BR:pt-419,Feed RSS do Google News para o portal PORTAL O POVO,1,"2025-03-23 20:48:26","2025-03-23 21:30:59"
122,Feed Google News - PORTAL VENENO,https://news.google.com/rss/search?q=site:https://portalveneno.com.br/+when:1d&hl=pt-BR&gl=BR&ceid=BR:pt-419,Feed RSS do Google News para o portal PORTAL VENENO,1,"2025-03-23 20:48:27","2025-03-23 21:30:59"
123,Feed Google News - PORTAL CONJUNTURA POLÍTICA,https://news.google.com/rss/search?q=site:https://www.conjunturapolitica.com.br/+when:1d&hl=pt-BR&gl=BR&ceid=BR:pt-419,Feed RSS do Google News para o portal PORTAL CONJUNTURA POLÍTICA,1,"2025-03-23 20:48:29","2025-03-23 21:31:05"
124,Feed Google News - PORTAL FOLHA ATUAL,https://news.google.com/rss/search?q=site:https://folhaatual.com.br/+when:1d&hl=pt-BR&gl=BR&ceid=BR:pt-419,Feed RSS do Google News para o portal PORTAL FOLHA ATUAL,1,"2025-03-23 20:48:30","2025-03-23 21:31:05"
125,Feed Google News - PORTAL OPINIÃO E NOTÍCIA,https://news.google.com/rss/search?q=site:https://portalopiniaoenoticia.com.br/+when:1d&hl=pt-BR&gl=BR&ceid=BR:pt-419,Feed RSS do Google News para o portal PORTAL OPINIÃO E NOTÍCIA,1,"2025-03-23 20:48:32","2025-03-23 21:31:05"
126,Feed Google News - PORTAL ENE1,https://news.google.com/rss/search?q=site:https://www.ene1.com.br/+when:1d&hl=pt-BR&gl=BR&ceid=BR:pt-419,Feed RSS do Google News para o portal PORTAL ENE1,1,"2025-03-23 20:48:33","2025-03-23 21:31:05"
127,Feed Google News - PORTAL BAIXA GRANDE NEWS,https://news.google.com/rss/search?q=site:https://baixagrandenews.com.br/+when:1d&hl=pt-BR&gl=BR&ceid=BR:pt-419,Feed RSS do Google News para o portal PORTAL BAIXA GRANDE NEWS,1,"2025-03-23 20:48:35","2025-03-23 21:31:05"
128,Feed Google News - PORTAL PIAUÍ EM FOCO,https://news.google.com/rss/search?q=site:https://www.piauiemfoco.com.br/+when:1d&hl=pt-BR&gl=BR&ceid=BR:pt-419,Feed RSS do Google News para o portal PORTAL PIAUÍ EM FOCO,1,"2025-03-23 20:48:36","2025-03-23 21:31:05"
129,Feed Google News - PORTAL TV LITORAL PIAUÍ,https://news.google.com/rss/search?q=site:https://www.tvlitoralpiaui.com/+when:1d&hl=pt-BR&gl=BR&ceid=BR:pt-419,Feed RSS do Google News para o portal PORTAL TV LITORAL PIAUÍ,1,"2025-03-23 20:48:38","2025-03-23 21:31:05"
130,Feed Google News - PORTAL PONTUA PIAUÍ,https://news.google.com/rss/search?q=site:https://pidigital.pi.gov.br/+when:1d&hl=pt-BR&gl=BR&ceid=BR:pt-419,Feed RSS do Google News para o portal PORTAL PONTUA PIAUÍ,1,"2025-03-23 20:48:39","2025-03-23 21:31:05"
131,Feed Google News - PORTAL BUSCA PIAUÍ,https://news.google.com/rss/search?q=site:https://www.pi.gov.br/+when:1d&hl=pt-BR&gl=BR&ceid=BR:pt-419,Feed RSS do Google News para o portal PORTAL BUSCA PIAUÍ,1,"2025-03-23 20:48:41","2025-03-23 21:31:05"
132,Feed Google News - PORTAL RAPADURA NEWS,https://news.google.com/rss/search?q=site:https://www.rapaduranews.com.br/+when:1d&hl=pt-BR&gl=BR&ceid=BR:pt-419,Feed RSS do Google News para o portal PORTAL RAPADURA NEWS,1,"2025-03-23 20:48:42","2025-03-23 21:31:05"
133,Feed Google News - PORTAL MEU PIAUÍ,https://news.google.com/rss/search?q=site:https://meupiaui.com/+when:1d&hl=pt-BR&gl=BR&ceid=BR:pt-419,Feed RSS do Google News para o portal PORTAL MEU PIAUÍ,1,"2025-03-23 20:48:43","2025-03-23 21:31:11"
134,Feed Google News - PORTAL ALÔ PIAUÍ,https://news.google.com/rss/search?q=site:https://alopiaui.com.br/+when:1d&hl=pt-BR&gl=BR&ceid=BR:pt-419,Feed RSS do Google News para o portal PORTAL ALÔ PIAUÍ,1,"2025-03-23 20:48:45","2025-03-23 21:31:11"
135,Feed Google News - PORTAL BENEDITINOS AGORA,https://news.google.com/rss/search?q=site:https://beneditinosagora.com.br/+when:1d&hl=pt-BR&gl=BR&ceid=BR:pt-419,Feed RSS do Google News para o portal PORTAL BENEDITINOS AGORA,1,"2025-03-23 20:48:46","2025-03-23 21:31:11"
136,Feed Google News - PORTAL BLOG DO FLÁVIO CRISTO,https://news.google.com/rss/search?q=site:https://blogdoflaviocristo.blogspot.com/+when:1d&hl=pt-BR&gl=BR&ceid=BR:pt-419,Feed RSS do Google News para o portal PORTAL BLOG DO FLÁVIO CRISTO,1,"2025-03-23 20:48:48","2025-03-23 21:31:11"
137,Feed Google News - PORTAL CAMPO MAIOR EM FOCO,https://news.google.com/rss/search?q=site:https://www.campomaioremfoco.com.br/+when:1d&hl=pt-BR&gl=BR&ceid=BR:pt-419,Feed RSS do Google News para o portal PORTAL CAMPO MAIOR EM FOCO,1,"2025-03-23 20:48:49","2025-03-23 21:31:11"
138,Feed Google News - PORTAL CARTA PIAUÍ,https://news.google.com/rss/search?q=site:https://cartapiaui.com/+when:1d&hl=pt-BR&gl=BR&ceid=BR:pt-419,Feed RSS do Google News para o portal PORTAL CARTA PIAUÍ,1,"2025-03-23 20:48:51","2025-03-23 21:31:11"
139,Feed Google News - PORTAL CERRADO ONLINE,https://news.google.com/rss/search?q=site:https://portaldocerrado.com/+when:1d&hl=pt-BR&gl=BR&ceid=BR:pt-419,Feed RSS do Google News para o portal PORTAL CERRADO ONLINE,1,"2025-03-23 20:48:52","2025-03-23 21:31:11"
140,Feed Google News - PORTAL CIDADE LUZ,https://news.google.com/rss/search?q=site:https://portalcidadeluz.com.br/+when:1d&hl=pt-BR&gl=BR&ceid=BR:pt-419,Feed RSS do Google News para o portal PORTAL CIDADE LUZ,1,"2025-03-23 20:48:54","2025-03-23 21:31:11"
141,Feed Google News - PORTAL CIDADE MODELO,https://news.google.com/rss/search?q=site:https://portalcidademodelo.com/+when:1d&hl=pt-BR&gl=BR&ceid=BR:pt-419,Feed RSS do Google News para o portal PORTAL CIDADE MODELO,1,"2025-03-23 20:48:55","2025-03-23 21:31:11"
142,Feed Google News - PORTAL CORRENTE,https://news.google.com/rss/search?q=site:https://portalcorrente.com.br/+when:1d&hl=pt-BR&gl=BR&ceid=BR:pt-419,Feed RSS do Google News para o portal PORTAL CORRENTE,1,"2025-03-23 20:48:57","2025-03-23 21:31:11"
143,Feed Google News - PORTAL DATA PIAUÍ.COM,https://news.google.com/rss/search?q=site:http://datapiaui.com.br/+when:1d&hl=pt-BR&gl=BR&ceid=BR:pt-419,Feed RSS do Google News para o portal PORTAL DATA PIAUÍ.COM,1,"2025-03-23 20:48:58","2025-03-23 21:31:17"
144,Feed Google News - PORTAL DAVID CALDAS.COM,https://news.google.com/rss/search?q=site:https://davidcaldas.com/+when:1d&hl=pt-BR&gl=BR&ceid=BR:pt-419,Feed RSS do Google News para o portal PORTAL DAVID CALDAS.COM,1,"2025-03-23 20:49:00","2025-03-23 21:31:17"
145,Feed Google News - PORTAL DE TUDO UM POUCO,https://news.google.com/rss/search?q=site:https://detudoumpoucothe.com.br/+when:1d&hl=pt-BR&gl=BR&ceid=BR:pt-419,Feed RSS do Google News para o portal PORTAL DE TUDO UM POUCO,1,"2025-03-23 20:49:01","2025-03-23 21:31:17"
146,Feed Google News - PORTAL DIÁRIO DO PIAUÍ,https://news.google.com/rss/search?q=site:https://www.diario.pi.gov.br/+when:1d&hl=pt-BR&gl=BR&ceid=BR:pt-419,Feed RSS do Google News para o portal PORTAL DIÁRIO DO PIAUÍ,1,"2025-03-23 20:49:03","2025-03-23 21:31:17"
147,Feed Google News - PORTAL FALA NORDESTE / PIAUÍ,https://news.google.com/rss/search?q=site:https://www.falapiaui.com/+when:1d&hl=pt-BR&gl=BR&ceid=BR:pt-419,Feed RSS do Google News para o portal PORTAL FALA NORDESTE / PIAUÍ,1,"2025-03-23 20:49:04","2025-03-23 21:31:17"
148,Feed Google News - PORTAL É MANCHETE,https://news.google.com/rss/search?q=site:https://manchetepiaui.com.br/+when:1d&hl=pt-BR&gl=BR&ceid=BR:pt-419,Feed RSS do Google News para o portal PORTAL É MANCHETE,1,"2025-03-23 20:49:06","2025-03-23 21:31:17"
149,Feed Google News - PORTAL EL PIAUÍ,https://news.google.com/rss/search?q=site:https://elpiaui.com.br/+when:1d&hl=pt-BR&gl=BR&ceid=BR:pt-419,Feed RSS do Google News para o portal PORTAL EL PIAUÍ,1,"2025-03-23 20:49:07","2025-03-23 21:31:17"
150,Feed Google News - PORTAL ENCARANDO,https://news.google.com/rss/search?q=site:https://encarando.com/+when:1d&hl=pt-BR&gl=BR&ceid=BR:pt-419,Feed RSS do Google News para o portal PORTAL ENCARANDO,1,"2025-03-23 20:49:09","2025-03-23 21:31:17"
151,Feed Google News - PORTAL FATO.COM,https://news.google.com/rss/search?q=site:https://www.portalfato.com.br/+when:1d&hl=pt-BR&gl=BR&ceid=BR:pt-419,Feed RSS do Google News para o portal PORTAL FATO.COM,1,"2025-03-23 20:49:10","2025-03-23 21:31:17"
152,Feed Google News - PORTAL GP1,https://news.google.com/rss/search?q=site:https://www.gp1.com.br/+when:1d&hl=pt-BR&gl=BR&ceid=BR:pt-419,Feed RSS do Google News para o portal PORTAL GP1,1,"2025-03-23 20:49:11","2025-03-23 21:31:17"
153,Feed Google News - PORTAL JOGO ABERTO,https://news.google.com/rss/search?q=site:https://www.portaljogoaberto.com/+when:1d&hl=pt-BR&gl=BR&ceid=BR:pt-419,Feed RSS do Google News para o portal PORTAL JOGO ABERTO,1,"2025-03-23 20:49:13","2025-03-23 21:31:22"
154,Feed Google News - PORTAL JORNAL DE PICOS,https://news.google.com/rss/search?q=site:http://jornaldepicos.com.br/+when:1d&hl=pt-BR&gl=BR&ceid=BR:pt-419,Feed RSS do Google News para o portal PORTAL JORNAL DE PICOS,1,"2025-03-23 20:49:14","2025-03-23 21:31:22"
155,Feed Google News - PORTAL JORNAL ESP,https://news.google.com/rss/search?q=site:https://jornalesp.com/+when:1d&hl=pt-BR&gl=BR&ceid=BR:pt-419,Feed RSS do Google News para o portal PORTAL JORNAL ESP,1,"2025-03-23 20:49:16","2025-03-23 21:31:22"
156,Feed Google News - PORTAL LUPA 1,https://news.google.com/rss/search?q=site:https://lupa1.com.br/+when:1d&hl=pt-BR&gl=BR&ceid=BR:pt-419,Feed RSS do Google News para o portal PORTAL LUPA 1,1,"2025-03-23 20:49:17","2025-03-23 21:31:22"
157,Feed Google News - PORTAL MAIS PIRIPIRI,https://news.google.com/rss/search?q=site:https://maispiripiri.com.br/+when:1d&hl=pt-BR&gl=BR&ceid=BR:pt-419,Feed RSS do Google News para o portal PORTAL MAIS PIRIPIRI,1,"2025-03-23 20:49:19","2025-03-23 21:31:22"
158,Feed Google News - PORTAL O PIAUÍ,https://news.google.com/rss/search?q=site:https://portalopiaui.com/+when:1d&hl=pt-BR&gl=BR&ceid=BR:pt-419,Feed RSS do Google News para o portal PORTAL O PIAUÍ,1,"2025-03-23 20:49:20","2025-03-23 21:31:22"
159,Feed Google News - PORTAL NOVOS TEMPOS,https://news.google.com/rss/search?q=site:https://portalnovostempos.com/+when:1d&hl=pt-BR&gl=BR&ceid=BR:pt-419,Feed RSS do Google News para o portal PORTAL NOVOS TEMPOS,1,"2025-03-23 20:49:22","2025-03-23 21:31:22"
160,Feed Google News - PORTAL VI AGORA,https://news.google.com/rss/search?q=site:https://www.viagora.com.br/+when:1d&hl=pt-BR&gl=BR&ceid=BR:pt-419,Feed RSS do Google News para o portal PORTAL VI AGORA,1,"2025-03-23 20:49:23","2025-03-23 21:31:22"
161,Feed Google News - PORTAL PARLAMENTO PIAUÍ,https://news.google.com/rss/search?q=site:https://www.parlamentopiaui.com.br/+when:1d&hl=pt-BR&gl=BR&ceid=BR:pt-419,Feed RSS do Google News para o portal PORTAL PARLAMENTO PIAUÍ,1,"2025-03-23 20:49:25","2025-03-23 21:31:22"
162,Feed Google News - PORTAL PAUTA JUDICIAL,https://news.google.com/rss/search?q=site:https://www.pautajudicial.com.br/+when:1d&hl=pt-BR&gl=BR&ceid=BR:pt-419,Feed RSS do Google News para o portal PORTAL PAUTA JUDICIAL,1,"2025-03-23 20:49:26","2025-03-23 21:31:22"
163,Feed Google News - PORTAL PENSAR PIAUÍ,https://news.google.com/rss/search?q=site:https://pensarpiaui.com/+when:1d&hl=pt-BR&gl=BR&ceid=BR:pt-419,Feed RSS do Google News para o portal PORTAL PENSAR PIAUÍ,1,"2025-03-23 20:49:28","2025-03-23 21:31:28"
164,Feed Google News - PORTAL PI 24 HORAS,https://news.google.com/rss/search?q=site:https://piaui24horas.com.br/novo/+when:1d&hl=pt-BR&gl=BR&ceid=BR:pt-419,Feed RSS do Google News para o portal PORTAL PI 24 HORAS,1,"2025-03-23 20:49:29","2025-03-23 21:31:28"
165,Feed Google News - PORTAL PIAUÍ AGORA,https://news.google.com/rss/search?q=site:https://agorapiaui.com/+when:1d&hl=pt-BR&gl=BR&ceid=BR:pt-419,Feed RSS do Google News para o portal PORTAL PIAUÍ AGORA,1,"2025-03-23 20:49:31","2025-03-23 21:31:28"
166,Feed Google News - PORTAL PIAUÍ DO BEM,https://news.google.com/rss/search?q=site:https://www.piauidobem.com/+when:1d&hl=pt-BR&gl=BR&ceid=BR:pt-419,Feed RSS do Google News para o portal PORTAL PIAUÍ DO BEM,1,"2025-03-23 20:49:32","2025-03-23 21:31:28"
167,Feed Google News - PORTAL PIAUÍ EM PAUTA,https://news.google.com/rss/search?q=site:http://piauiempauta.com.br/+when:1d&hl=pt-BR&gl=BR&ceid=BR:pt-419,Feed RSS do Google News para o portal PORTAL PIAUÍ EM PAUTA,1,"2025-03-23 20:49:34","2025-03-23 21:31:28"
168,Feed Google News - PORTAL PIAUÍ HOJE,https://news.google.com/rss/search?q=site:https://piauihoje.com/+when:1d&hl=pt-BR&gl=BR&ceid=BR:pt-419,Feed RSS do Google News para o portal PORTAL PIAUÍ HOJE,1,"2025-03-23 20:49:35","2025-03-23 21:31:28"
169,Feed Google News - PORTAL PICOS 40 GRAUS,https://news.google.com/rss/search?q=site:https://www.picos40graus.com.br/+when:1d&hl=pt-BR&gl=BR&ceid=BR:pt-419,Feed RSS do Google News para o portal PORTAL PICOS 40 GRAUS,1,"2025-03-23 20:49:36","2025-03-23 21:31:28"
170,Feed Google News - PORTAL PIN PIAUÍ,https://news.google.com/rss/search?q=site:http://www.pinpiaui.com/+when:1d&hl=pt-BR&gl=BR&ceid=BR:pt-419,Feed RSS do Google News para o portal PORTAL PIN PIAUÍ,1,"2025-03-23 20:49:38","2025-03-23 21:31:28"
171,Feed Google News - PORTAL R10,https://news.google.com/rss/search?q=site:https://www.portalr10.com/+when:1d&hl=pt-BR&gl=BR&ceid=BR:pt-419,Feed RSS do Google News para o portal PORTAL R10,1,"2025-03-23 20:49:39","2025-03-23 21:31:28"
172,"Feed Google News - PORTAL RÁDIO LIDERANÇA 90,0",https://news.google.com/rss/search?q=site:https://liderfm90.com.br/cidade+when:1d&hl=pt-BR&gl=BR&ceid=BR:pt-419,"Feed RSS do Google News para o portal PORTAL RÁDIO LIDERANÇA 90,0",1,"2025-03-23 20:49:41","2025-03-23 21:31:28"
173,Feed Google News - PORTAL REDE PIAUÍ NOTÍCIAS,https://news.google.com/rss/search?q=site:https://redepiaui.com/+when:1d&hl=pt-BR&gl=BR&ceid=BR:pt-419,Feed RSS do Google News para o portal PORTAL REDE PIAUÍ NOTÍCIAS,1,"2025-03-23 20:49:42","2025-03-23 21:31:34"
174,Feed Google News - PORTAL RELATO IMPARCIAL,https://news.google.com/rss/search?q=site:https://www.relatoimparcial.com/+when:1d&hl=pt-BR&gl=BR&ceid=BR:pt-419,Feed RSS do Google News para o portal PORTAL RELATO IMPARCIAL,1,"2025-03-23 20:49:44","2025-03-23 21:31:34"
175,Feed Google News - PORTAL RP50,https://news.google.com/rss/search?q=site:https://rp50.com.br/blog/+when:1d&hl=pt-BR&gl=BR&ceid=BR:pt-419,Feed RSS do Google News para o portal PORTAL RP50,1,"2025-03-23 20:49:45","2025-03-23 21:31:34"
176,Feed Google News - PORTAL SAMBITO,https://news.google.com/rss/search?q=site:https://portalsambito.com/+when:1d&hl=pt-BR&gl=BR&ceid=BR:pt-419,Feed RSS do Google News para o portal PORTAL SAMBITO,1,"2025-03-23 20:49:47","2025-03-23 21:31:34"
177,Feed Google News - PORTAL SEM FRONTEIRAS,https://news.google.com/rss/search?q=site:https://www.portalsemfronteiras.com.br/+when:1d&hl=pt-BR&gl=BR&ceid=BR:pt-419,Feed RSS do Google News para o portal PORTAL SEM FRONTEIRAS,1,"2025-03-23 20:49:48","2025-03-23 21:31:34"
178,Feed Google News - PORTAL TERESINA DIÁRIO,https://news.google.com/rss/search?q=site:https://www.teresinadiario.com/+when:1d&hl=pt-BR&gl=BR&ceid=BR:pt-419,Feed RSS do Google News para o portal PORTAL TERESINA DIÁRIO,1,"2025-03-23 20:49:50","2025-03-23 21:31:34"
179,Feed Google News - PORTAL TV WEB JENIPAPO,https://news.google.com/rss/search?q=site:https://rtvjenipapo.com/contato+when:1d&hl=pt-BR&gl=BR&ceid=BR:pt-419,Feed RSS do Google News para o portal PORTAL TV WEB JENIPAPO,1,"2025-03-23 20:49:51","2025-03-23 21:31:34"
180,Feed Google News - PORTAL DE CAMPO MAIOR,https://news.google.com/rss/search?q=site:https://portaldecampomaior.com.br/+when:1d&hl=pt-BR&gl=BR&ceid=BR:pt-419,Feed RSS do Google News para o portal PORTAL DE CAMPO MAIOR,1,"2025-03-23 20:49:53","2025-03-23 21:31:34"
181,Feed Google News - PORTAL FOUR LIVE | ANTIGO UNIVERSO,https://news.google.com/rss/search?q=site:https://fourlivetv.com.br/+when:1d&hl=pt-BR&gl=BR&ceid=BR:pt-419,Feed RSS do Google News para o portal PORTAL FOUR LIVE | ANTIGO UNIVERSO,1,"2025-03-23 20:49:54","2025-03-23 21:31:34"
182,Feed Google News - PORTAL WALCY VIEIRA,https://news.google.com/rss/search?q=site:https://walcyvieira.com/+when:1d&hl=pt-BR&gl=BR&ceid=BR:pt-419,Feed RSS do Google News para o portal PORTAL WALCY VIEIRA,1,"2025-03-23 20:49:56","2025-03-23 21:31:34"
183,Feed Google News - PORTAL WEBPIAUÍ,https://news.google.com/rss/search?q=site:https://www.webpiaui.com.br/+when:1d&hl=pt-BR&gl=BR&ceid=BR:pt-419,Feed RSS do Google News para o portal PORTAL WEBPIAUÍ,1,"2025-03-23 20:49:57","2025-03-23 21:31:40"
184,Feed Google News - PORTAL FOLHA EXPRESSA,https://news.google.com/rss/search?q=site:https://folhaexpressa.com/+when:1d&hl=pt-BR&gl=BR&ceid=BR:pt-419,Feed RSS do Google News para o portal PORTAL FOLHA EXPRESSA,1,"2025-03-23 20:49:59","2025-03-23 21:31:40"
185,Feed Google News - PORTAL CIDADE VERDE,https://news.google.com/rss/search?q=site:https://cidadeverde.com/+when:1d&hl=pt-BR&gl=BR&ceid=BR:pt-419,Feed RSS do Google News para o portal PORTAL CIDADE VERDE,1,"2025-03-23 20:50:00","2025-03-23 21:31:40"
186,Feed Google News - PORTAL O SERTÃO,https://news.google.com/rss/search?q=site:https://portalosertao.com/+when:1d&hl=pt-BR&gl=BR&ceid=BR:pt-419,Feed RSS do Google News para o portal PORTAL O SERTÃO,1,"2025-03-23 20:50:02","2025-03-23 21:31:40"
187,Feed Google News - PORTAL THEMOS VAGAS,https://news.google.com/rss/search?q=site:https://themosvagas.com.br/+when:1d&hl=pt-BR&gl=BR&ceid=BR:pt-419,Feed RSS do Google News para o portal PORTAL THEMOS VAGAS,1,"2025-03-23 20:50:03","2025-03-23 21:31:40"
188,Feed Google News - PORTAL O DIA,https://news.google.com/rss/search?q=site:https://portalodia.com/+when:1d&hl=pt-BR&gl=BR&ceid=BR:pt-419,Feed RSS do Google News para o portal PORTAL O DIA,1,"2025-03-23 20:50:05","2025-03-23 21:31:40"
189,Feed Google News - PORTAL MUNICÍPIOS EM FOCO,https://news.google.com/rss/search?q=site:https://www.municipiosemfoco.com.br/+when:1d&hl=pt-BR&gl=BR&ceid=BR:pt-419,Feed RSS do Google News para o portal PORTAL MUNICÍPIOS EM FOCO,1,"2025-03-23 20:50:06","2025-03-23 21:31:40"
190,Feed Google News - PORTAL NORDESTE MAIS,https://news.google.com/rss/search?q=site:https://nordestemaispi.com.br/+when:1d&hl=pt-BR&gl=BR&ceid=BR:pt-419,Feed RSS do Google News para o portal PORTAL NORDESTE MAIS,1,"2025-03-23 20:50:08","2025-03-23 21:31:40"
191,Feed Google News - PORTAL CANAL SERTÃO,https://news.google.com/rss/search?q=site:https://portalsertao.com/+when:1d&hl=pt-BR&gl=BR&ceid=BR:pt-419,Feed RSS do Google News para o portal PORTAL CANAL SERTÃO,1,"2025-03-23 20:50:09","2025-03-23 21:31:40"
192,Feed Google News - PORTAL INTEGRAÇÃO,https://news.google.com/rss/search?q=site:https://portalintegracao.com.br/+when:1d&hl=pt-BR&gl=BR&ceid=BR:pt-419,Feed RSS do Google News para o portal PORTAL INTEGRAÇÃO,1,"2025-03-23 20:50:11","2025-03-23 21:31:40"
193,Feed Google News - PORTAL RÁDIO PIONEIRA,https://news.google.com/rss/search?q=site:https://radiopioneirathe.com/+when:1d&hl=pt-BR&gl=BR&ceid=BR:pt-419,Feed RSS do Google News para o portal PORTAL RÁDIO PIONEIRA,1,"2025-03-23 20:50:12","2025-03-23 21:31:46"
194,Feed Google News - PORTAL CLUBE NEWS | GERAL CLUBE,https://news.google.com/rss/search?q=site:https://portalclubenews.com/+when:1d&hl=pt-BR&gl=BR&ceid=BR:pt-419,Feed RSS do Google News para o portal PORTAL CLUBE NEWS | GERAL CLUBE,1,"2025-03-23 20:50:14","2025-03-23 21:31:46"
195,Feed Google News - PORTAL SRN,https://news.google.com/rss/search?q=site:https://portalsrn.com.br/+when:1d&hl=pt-BR&gl=BR&ceid=BR:pt-419,Feed RSS do Google News para o portal PORTAL SRN,1,"2025-03-23 20:50:15","2025-03-23 21:31:46"
196,Feed Google News - PORTAL FOLHA PIAUÍ,https://news.google.com/rss/search?q=site:https://folhapiaui.com.br/+when:1d&hl=pt-BR&gl=BR&ceid=BR:pt-419,Feed RSS do Google News para o portal PORTAL FOLHA PIAUÍ,1,"2025-03-23 20:50:17","2025-03-23 21:31:46"
197,Feed Google News - PORTAL VERDES CAMPOS (F.LIMA),https://news.google.com/rss/search?q=site:https://portalverdescampos.com.br/+when:1d&hl=pt-BR&gl=BR&ceid=BR:pt-419,Feed RSS do Google News para o portal PORTAL VERDES CAMPOS (F.LIMA),1,"2025-03-23 20:50:18","2025-03-23 21:31:46"
198,Feed Google News - PORTAL PIAUÍ NA MÍDIA,https://news.google.com/rss/search?q=site:https://www.piauinamidia.com.br/+when:1d&hl=pt-BR&gl=BR&ceid=BR:pt-419,Feed RSS do Google News para o portal PORTAL PIAUÍ NA MÍDIA,1,"2025-03-23 20:50:20","2025-03-23 21:31:46"
199,Feed Google News - PORTAL APL (ACADEMIA PIAUIENSE DE LETRAS),https://news.google.com/rss/search?q=site:https://www.academiapiauiensedeletras.org.br/+when:1d&hl=pt-BR&gl=BR&ceid=BR:pt-419,Feed RSS do Google News para o portal PORTAL APL (ACADEMIA PIAUIENSE DE LETRAS),1,"2025-03-23 20:50:21","2025-03-23 21:31:46"
200,Feed Google News - PORTAL CORRENTE EM PONTO,https://news.google.com/rss/search?q=site:https://correnteemponto.com.br/+when:1d&hl=pt-BR&gl=BR&ceid=BR:pt-419,Feed RSS do Google News para o portal PORTAL CORRENTE EM PONTO,1,"2025-03-23 20:50:23","2025-03-23 21:31:46"
201,Feed Google News - PORTAL RMF,https://news.google.com/rss/search?q=site:https://portalrmf.com/+when:1d&hl=pt-BR&gl=BR&ceid=BR:pt-419,Feed RSS do Google News para o portal PORTAL RMF,1,"2025-03-23 20:50:24","2025-03-23 21:31:46"
202,Feed Google News - PORTAL DE NOTÍCIAS CANAL 121,https://news.google.com/rss/search?q=site:https://www.canal121.com.br/+when:1d&hl=pt-BR&gl=BR&ceid=BR:pt-419,Feed RSS do Google News para o portal PORTAL DE NOTÍCIAS CANAL 121,1,"2025-03-23 20:50:26","2025-03-23 21:31:46"
203,Feed Google News - PORTAL TÔ DE OLHO,https://news.google.com/rss/search?q=site:https://portaltodeolho.com/+when:1d&hl=pt-BR&gl=BR&ceid=BR:pt-419,Feed RSS do Google News para o portal PORTAL TÔ DE OLHO,1,"2025-03-23 20:50:28","2025-03-23 21:31:51"
204,Feed Google News - PORTAL 24 HORAS,https://news.google.com/rss/search?q=site:https://24hportal.com.br/+when:1d&hl=pt-BR&gl=BR&ceid=BR:pt-419,Feed RSS do Google News para o portal PORTAL 24 HORAS,1,"2025-03-23 20:50:29","2025-03-23 21:31:51"
205,Feed Google News - PORTAL PONTO X,https://news.google.com/rss/search?q=site:https://portalpontox.com/+when:1d&hl=pt-BR&gl=BR&ceid=BR:pt-419,Feed RSS do Google News para o portal PORTAL PONTO X,1,"2025-03-23 20:50:31","2025-03-23 21:31:51"
206,Feed Google News - PORTAL ALESSANDRO GUERRA,https://news.google.com/rss/search?q=site:https://www.reporteralessandroguerra.com/+when:1d&hl=pt-BR&gl=BR&ceid=BR:pt-419,Feed RSS do Google News para o portal PORTAL ALESSANDRO GUERRA,1,"2025-03-23 20:50:32","2025-03-23 21:31:51"
207,Feed Google News - PORTAL JT NEWS,https://news.google.com/rss/search?q=site:https://www.jtnews.com.br/+when:1d&hl=pt-BR&gl=BR&ceid=BR:pt-419,Feed RSS do Google News para o portal PORTAL JT NEWS,1,"2025-03-23 20:50:34","2025-03-23 21:31:51"
208,Feed Google News - PORTAL MORENA,https://news.google.com/rss/search?q=site:https://portalmorenaweb.com/+when:1d&hl=pt-BR&gl=BR&ceid=BR:pt-419,Feed RSS do Google News para o portal PORTAL MORENA,1,"2025-03-23 20:50:35","2025-03-23 21:31:51"
209,Feed Google News - PORTAL POST UNIÃO,https://news.google.com/rss/search?q=site:https://postuniao.com.br/+when:1d&hl=pt-BR&gl=BR&ceid=BR:pt-419,Feed RSS do Google News para o portal PORTAL POST UNIÃO,1,"2025-03-23 20:50:37","2025-03-23 21:31:51"
210,Feed Google News - PORTAL DERI.COM,https://news.google.com/rss/search?q=site:https://portalderi.com/+when:1d&hl=pt-BR&gl=BR&ceid=BR:pt-419,Feed RSS do Google News para o portal PORTAL DERI.COM,1,"2025-03-23 20:50:38","2025-03-23 21:31:51"
211,Feed Google News - PORTAL GRANDE PIRIPIRI,https://news.google.com/rss/search?q=site:https://grandepiripiri.com.br/home-empresas/+when:1d&hl=pt-BR&gl=BR&ceid=BR:pt-419,Feed RSS do Google News para o portal PORTAL GRANDE PIRIPIRI,1,"2025-03-23 20:50:40","2025-03-23 21:31:51"
212,Feed Google News - PORTAL CSN | ANTIGO TV CENTRO SUL CDB,https://news.google.com/rss/search?q=site:https://www.csn.com.br/+when:1d&hl=pt-BR&gl=BR&ceid=BR:pt-419,Feed RSS do Google News para o portal PORTAL CSN | ANTIGO TV CENTRO SUL CDB,1,"2025-03-23 20:50:41","2025-03-23 21:31:51"
213,Feed Google News - PORTAL PIAUÍ NEGÓCIOS,https://news.google.com/rss/search?q=site:https://www.piauinegocios.com.br/+when:1d&hl=pt-BR&gl=BR&ceid=BR:pt-419,Feed RSS do Google News para o portal PORTAL PIAUÍ NEGÓCIOS,1,"2025-03-23 20:50:43","2025-03-23 21:31:57"
214,Feed Google News - PORTAL MATUTANDO,https://news.google.com/rss/search?q=site:https://portalmatutando.com/+when:1d&hl=pt-BR&gl=BR&ceid=BR:pt-419,Feed RSS do Google News para o portal PORTAL MATUTANDO,1,"2025-03-23 20:50:44","2025-03-23 21:31:57"
215,Feed Google News - PORTAL SERTÃO.ONLINE,https://news.google.com/rss/search?q=site:https://sertao.online/+when:1d&hl=pt-BR&gl=BR&ceid=BR:pt-419,Feed RSS do Google News para o portal PORTAL SERTÃO.ONLINE,1,"2025-03-23 20:50:46","2025-03-23 21:31:57"
216,Feed Google News - PORTAL NEWS PIAUÍ,https://news.google.com/rss/search?q=site:https://newspiaui.com/+when:1d&hl=pt-BR&gl=BR&ceid=BR:pt-419,Feed RSS do Google News para o portal PORTAL NEWS PIAUÍ,1,"2025-03-23 20:50:47","2025-03-23 21:31:57"
217,Feed Google News - PORTAL TRIBUNA PIAUÍ,https://news.google.com/rss/search?q=site:https://www.tribunapiaui.com.br/+when:1d&hl=pt-BR&gl=BR&ceid=BR:pt-419,Feed RSS do Google News para o portal PORTAL TRIBUNA PIAUÍ,1,"2025-03-23 20:50:49","2025-03-23 21:31:57"
218,Feed Google News - PORTAL TRIBUNA EM FOCO,https://news.google.com/rss/search?q=site:https://tribunaemfoco.live/+when:1d&hl=pt-BR&gl=BR&ceid=BR:pt-419,Feed RSS do Google News para o portal PORTAL TRIBUNA EM FOCO,1,"2025-03-23 20:50:50","2025-03-23 21:31:57"
219,Feed Google News - PORTAL 100 POR CENTO PIAUÍ,https://news.google.com/rss/search?q=site:https://100porcentopiaui.com.br/+when:1d&hl=pt-BR&gl=BR&ceid=BR:pt-419,Feed RSS do Google News para o portal PORTAL 100 POR CENTO PIAUÍ,1,"2025-03-23 20:50:52","2025-03-23 21:31:57"
220,Feed Google News - PORTAL PIRIPIRI NEWS,https://news.google.com/rss/search?q=site:https://piripirinews.com.br/+when:1d&hl=pt-BR&gl=BR&ceid=BR:pt-419,Feed RSS do Google News para o portal PORTAL PIRIPIRI NEWS,1,"2025-03-23 20:50:53","2025-03-23 21:31:57"
221,Feed Google News - PORTAL ARQUIVO 1 / ANTIGO DOUGLAS CORDEIRO,https://news.google.com/rss/search?q=site:https://arquivo1.com/+when:1d&hl=pt-BR&gl=BR&ceid=BR:pt-419,Feed RSS do Google News para o portal PORTAL ARQUIVO 1 / ANTIGO DOUGLAS CORDEIRO,1,"2025-03-23 20:50:55","2025-03-23 21:31:57"
222,Feed Google News - PORTAL BOLETIM DOS MUNICÍPIOS,https://news.google.com/rss/search?q=site:https://www.diarioficialdosmunicipios.org/+when:1d&hl=pt-BR&gl=BR&ceid=BR:pt-419,Feed RSS do Google News para o portal PORTAL BOLETIM DOS MUNICÍPIOS,1,"2025-03-23 20:50:56","2025-03-23 21:31:57"
223,Feed Google News - PORTAL DIÁRIO DE CAMPO MAIOR,https://news.google.com/rss/search?q=site:https://www.diariodecampomaior.com.br/+when:1d&hl=pt-BR&gl=BR&ceid=BR:pt-419,Feed RSS do Google News para o portal PORTAL DIÁRIO DE CAMPO MAIOR,1,"2025-03-23 20:50:58","2025-03-23 21:32:03"
224,Feed Google News - PORTAL 100 MILHAS,https://news.google.com/rss/search?q=site:https://www.100milhas.com.br/+when:1d&hl=pt-BR&gl=BR&ceid=BR:pt-419,Feed RSS do Google News para o portal PORTAL 100 MILHAS,1,"2025-03-23 20:50:59","2025-03-23 21:32:03"
225,Feed Google News - PORTAL EXPRESSO 222,https://news.google.com/rss/search?q=site:https://expresso222.com.br/+when:1d&hl=pt-BR&gl=BR&ceid=BR:pt-419,Feed RSS do Google News para o portal PORTAL EXPRESSO 222,1,"2025-03-23 20:51:01","2025-03-23 21:32:03"
226,Feed Google News - PORTAL PIAUÍ VERDADE,https://news.google.com/rss/search?q=site:https://piauiverdade.com.br/+when:1d&hl=pt-BR&gl=BR&ceid=BR:pt-419,Feed RSS do Google News para o portal PORTAL PIAUÍ VERDADE,1,"2025-03-23 20:51:02","2025-03-23 21:32:03"
227,Feed Google News - PORTAL MURAL DA VILA,https://news.google.com/rss/search?q=site:https://www.muraldavila.com.br/+when:1d&hl=pt-BR&gl=BR&ceid=BR:pt-419,Feed RSS do Google News para o portal PORTAL MURAL DA VILA,1,"2025-03-23 20:51:04","2025-03-23 21:32:03"
228,Feed Google News - PORTAL COSTA NORTE,https://news.google.com/rss/search?q=site:https://portalcostanorte.com/+when:1d&hl=pt-BR&gl=BR&ceid=BR:pt-419,Feed RSS do Google News para o portal PORTAL COSTA NORTE,1,"2025-03-23 20:51:05","2025-03-23 21:32:03"
229,Feed Google News - PORTAL MANCHETE NET,https://news.google.com/rss/search?q=site:https://manchetenet.com/+when:1d&hl=pt-BR&gl=BR&ceid=BR:pt-419,Feed RSS do Google News para o portal PORTAL MANCHETE NET,1,"2025-03-23 20:51:07","2025-03-23 21:32:03"
230,Feed Google News - PORTAL AGORAED,https://news.google.com/rss/search?q=site:https://agoraed.com/site/+when:1d&hl=pt-BR&gl=BR&ceid=BR:pt-419,Feed RSS do Google News para o portal PORTAL AGORAED,1,"2025-03-23 20:51:08","2025-03-23 21:32:03"
231,Feed Google News - PORTAL JK NEWS - KINTURA,https://news.google.com/rss/search?q=site:https://www.jknewspi.com.br/+when:1d&hl=pt-BR&gl=BR&ceid=BR:pt-419,Feed RSS do Google News para o portal PORTAL JK NEWS - KINTURA,1,"2025-03-23 20:51:10","2025-03-23 21:32:03"
232,Feed Google News - PORTAL ZÉ NOTÍCIAS,https://news.google.com/rss/search?q=site:https://zenoticias.com/+when:1d&hl=pt-BR&gl=BR&ceid=BR:pt-419,Feed RSS do Google News para o portal PORTAL ZÉ NOTÍCIAS,1,"2025-03-23 20:51:11","2025-03-23 21:32:03"
233,Feed Google News - PORTAL BR HOJE,https://news.google.com/rss/search?q=site:https://brhoje.com/+when:1d&hl=pt-BR&gl=BR&ceid=BR:pt-419,Feed RSS do Google News para o portal PORTAL BR HOJE,1,"2025-03-23 20:51:13","2025-03-23 21:32:09"
234,Feed Google News - PORTAL TVL NEWS,https://news.google.com/rss/search?q=site:https://www.jornaltvlnews.com.br/+when:1d&hl=pt-BR&gl=BR&ceid=BR:pt-419,Feed RSS do Google News para o portal PORTAL TVL NEWS,1,"2025-03-23 20:51:14","2025-03-23 21:32:09"
235,Feed Google News - PORTAL NOVIN DA RISOLETA,https://news.google.com/rss/search?q=site:https://novindarisoleta.com/+when:1d&hl=pt-BR&gl=BR&ceid=BR:pt-419,Feed RSS do Google News para o portal PORTAL NOVIN DA RISOLETA,1,"2025-03-23 20:51:16","2025-03-23 21:32:09"
236,Feed Google News - PORTAL TERESINA FM,https://news.google.com/rss/search?q=site:https://www.teresinafm.com.br/+when:1d&hl=pt-BR&gl=BR&ceid=BR:pt-419,Feed RSS do Google News para o portal PORTAL TERESINA FM,1,"2025-03-23 20:51:17","2025-03-23 21:32:09"
237,Feed Google News - PORTAL FÁBIO TELES,https://news.google.com/rss/search?q=site:https://www.fabioteles.com/+when:1d&hl=pt-BR&gl=BR&ceid=BR:pt-419,Feed RSS do Google News para o portal PORTAL FÁBIO TELES,1,"2025-03-23 20:51:19","2025-03-23 21:32:09"
238,Feed Google News - PORTAL ROTA 343,https://news.google.com/rss/search?q=site:https://www.rota343.com.br/+when:1d&hl=pt-BR&gl=BR&ceid=BR:pt-419,Feed RSS do Google News para o portal PORTAL ROTA 343,1,"2025-03-23 20:51:20","2025-03-23 21:32:09"
239,Feed Google News - PORTAL TODA HORA WEB,https://news.google.com/rss/search?q=site:https://todahora.com/+when:1d&hl=pt-BR&gl=BR&ceid=BR:pt-419,Feed RSS do Google News para o portal PORTAL TODA HORA WEB,1,"2025-03-23 20:51:22","2025-03-23 21:32:09"
240,Feed Google News - PORTAL PIAUÍ 224,https://news.google.com/rss/search?q=site:https://www.instagram.com/piaui224/+when:1d&hl=pt-BR&gl=BR&ceid=BR:pt-419,Feed RSS do Google News para o portal PORTAL PIAUÍ 224,1,"2025-03-23 20:51:23","2025-03-23 21:32:09"
241,Feed Google News - PORTAL DAS LUZES,https://news.google.com/rss/search?q=site:https://portaldeluzes.com/+when:1d&hl=pt-BR&gl=BR&ceid=BR:pt-419,Feed RSS do Google News para o portal PORTAL DAS LUZES,1,"2025-03-23 20:51:25","2025-03-23 21:32:09"
242,Feed Google News - PORTAL CIDADES NA NET,https://news.google.com/rss/search?q=site:https://cidadesnanet.com/news/+when:1d&hl=pt-BR&gl=BR&ceid=BR:pt-419,Feed RSS do Google News para o portal PORTAL CIDADES NA NET,1,"2025-03-23 20:51:26","2025-03-23 21:32:09"
243,Feed Google News - PORTAL SAOJOANENSE,https://news.google.com/rss/search?q=site:https://www.portalsanjoanense.com.br/+when:1d&hl=pt-BR&gl=BR&ceid=BR:pt-419,Feed RSS do Google News para o portal PORTAL SAOJOANENSE,1,"2025-03-23 20:51:28","2025-03-23 21:32:15"
244,Feed Google News - PORTAL FORT NOTÍCIAS/ O PIAUÍ NOTÍCIAS,https://news.google.com/rss/search?q=site:https://fortnoticia.com.br/+when:1d&hl=pt-BR&gl=BR&ceid=BR:pt-419,Feed RSS do Google News para o portal PORTAL FORT NOTÍCIAS/ O PIAUÍ NOTÍCIAS,1,"2025-03-23 20:51:29","2025-03-23 21:32:15"
245,Feed Google News - PORTAL FOLHA DA MANHÃ,https://news.google.com/rss/search?q=site:https://clicfolha.com.br/+when:1d&hl=pt-BR&gl=BR&ceid=BR:pt-419,Feed RSS do Google News para o portal PORTAL FOLHA DA MANHÃ,1,"2025-03-23 20:51:30","2025-03-23 21:32:15"
246,Feed Google News - PORTAL TVN PIAUÍ NILS,https://news.google.com/rss/search?q=site:https://tvnpiaui.com.br/+when:1d&hl=pt-BR&gl=BR&ceid=BR:pt-419,Feed RSS do Google News para o portal PORTAL TVN PIAUÍ NILS,1,"2025-03-23 20:51:32","2025-03-23 21:32:15"
247,Feed Google News - PORTAL BORA PIAUÍ,https://news.google.com/rss/search?q=site:https://www.borapiaui.org/+when:1d&hl=pt-BR&gl=BR&ceid=BR:pt-419,Feed RSS do Google News para o portal PORTAL BORA PIAUÍ,1,"2025-03-23 20:51:34","2025-03-23 21:32:15"
248,Feed Google News - PORTAL DIREITO HOJE,https://news.google.com/rss/search?q=site:https://revistadireitohoje.com.br/+when:1d&hl=pt-BR&gl=BR&ceid=BR:pt-419,Feed RSS do Google News para o portal PORTAL DIREITO HOJE,1,"2025-03-23 20:51:35","2025-03-23 21:32:15"
249,Feed Google News - PORTAL CLUBE SAT,https://news.google.com/rss/search?q=site:https://www.clubenoticias.com/+when:1d&hl=pt-BR&gl=BR&ceid=BR:pt-419,Feed RSS do Google News para o portal PORTAL CLUBE SAT,1,"2025-03-23 20:51:36","2025-03-23 21:32:15"
250,Feed Google News - PORTAL DCM,https://news.google.com/rss/search?q=site:https://www.diariodocentrodomundo.com.br/+when:1d&hl=pt-BR&gl=BR&ceid=BR:pt-419,Feed RSS do Google News para o portal PORTAL DCM,1,"2025-03-23 20:51:38","2025-03-23 21:32:15"
251,Feed Google News - 180 graus,https://news.google.com/rss/search?q=site:https://180graus.com/+when:1d&hl=pt-BR&gl=BR&ceid=BR:pt-419,Feed RSS do Google News para o portal 180 graus,1,"2025-03-23 20:51:40","2025-03-23 21:32:15"
252,Feed Google News - Meio News,https://news.google.com/rss/search?q=site:https://www.meionews.com+when:1d&hl=pt-BR&gl=BR&ceid=BR:pt-419,Feed RSS do Google News para o portal Meio News,1,"2025-03-23 20:51:41","2025-03-23 21:32:15"
253,Feed Google News - Conecta Piaui,https://news.google.com/rss/search?q=site:https://conectapiaui.com.br/+when:1d&hl=pt-BR&gl=BR&ceid=BR:pt-419,Feed RSS do Google News para o portal Conecta Piaui,1,"2025-03-23 20:51:43","2025-03-23 21:32:17"
254,Fonte externa,,Notícias coletadas de fontes externas,0,"2025-06-20 18:29:44","2025-06-20 18:29:44"
